{"epoch/0/loss/train": 2.2882976079032415, "epoch/0/loss/consistency": 6.907425252357348, "epoch/0/loss/avg_confidence": 0.38230384896471076, "epoch/0/batch_time": 3.231566125256409, "epoch/0/accuracy/train@1": 50.26544220577942, "epoch/0/accuracy/train@5": 72.89786646335367, "_timestamp": 1683972409.6529593, "_runtime": 64147.459557294846, "_step": 2005, "epoch": 1, "loss/train": 2.1014699646338335, "loss/consistency": 6.90740343395843, "loss/avg_confidence": 0.4111251742844915, "batch_time": 2.9549707974587287, "accuracy/train@1": 53.56077701032022, "accuracy/train@5": 75.75952237296153, "loss/test": 1.9657782131958008, "accuracy/test@1": 55.768, "accuracy/test@5": 78.408, "epoch/1/loss/train": 2.101448072992364, "epoch/1/loss/consistency": 6.907403433088088, "epoch/1/loss/avg_confidence": 0.4111230369180861, "epoch/1/batch_time": 2.9555843550853043, "epoch/1/accuracy/train@1": 53.561753199680034, "epoch/1/accuracy/train@5": 75.75984589041096, "_wandb": {"runtime": 424460}}