{"loss/test": 1.9657782131958008, "accuracy/test@1": 55.768, "accuracy/test@5": 78.408, "_timestamp": 1683972409.6529593, "_runtime": 64147.459557294846, "_step": 2005}