{"paTSS": [0.47765906458678276, 0.9931160484209338, 0.9745969495337267, 0.9931160484209338, 0.9558019541291417, 0.9931160484209338, 0.9852854839347462, 0.9931160484209338, 0.9931160484209338, 0.9908045023646124, 0.9931160484209338, 0.9931160484209338, 0.4240248852083065, 0.988822807558805, 0.9931160484209338, 0.9852854839347462, 0.9870033028522363, 0.9226673742804812, 0.8122751140091862, 0.9931160484209338, 0.9931160484209338, 0.9717731028820938, 0.8652213089740731, 0.9931160484209338, 0.6555437727396001, 0.4856531783827054, 0.9931160484209338, 0.9931160484209338, 0.9931160484209338, 0.9931160484209338, 0.9931160484209338, 0.9908045023646124, 0.988822807558805, 0.6142946010043611, 0.9931160484209338, 0.9931160484209338, 0.988822807558805, 0.9836392488450223, 0.988822807558805, 0.9931160484209338, 0.9662957744223166, 0.7192511315510857, 0.7595165330349453, 0.9908045023646124, 0.8562842628420277, 0.47865764473050704, 0.6163480557038652, 0.31077057365403254, 0.6909236271604551, 0.9931160484209338, 0.9931160484209338, 0.988822807558805, 0.9931160484209338, 0.7488714128238829, 0.9931160484209338, 0.9931160484209338, 0.9494555233460088, 0.34367872441123404, 0.9870033028522363, 0.6019929982987383, 0.6784011591541084, 0.6576165240933552, 0.9583806935719367, 0.9717731028820938, 0.9931160484209338, 0.5248049653849017, 0.9931160484209338, 0.9931160484209338, 0.9108918177806751, 0.9852854839347462, 0.9908045023646124, 0.9760361871553114, 0.6628028772918726, 0.7446235542894895, 0.4617083005478389, 0.9286331827865438, 0.4517643768755042, 0.9931160484209338, 0.8585136223766588, 0.9931160484209338, 0.988822807558805, 0.9494555233460088, 0.932242005840789, 0.988822807558805, 0.7863008060087366, 0.9908045023646124, 0.43094544319967076, 0.967647094204765, 0.982047006604985, 0.9931160484209338, 0.9931160484209338, 0.766990615194502, 0.3807446437444506, 0.951978366858825, 0.7680599058779696, 0.9908045023646124, 0.9852854839347462, 0.9931160484209338, 0.9931160484209338, 0.9507144963772038], "isOkTSS": [1, 1, 1, 1, 1, 1, 0, 1, 1, 1, 1, 1, 0, 1, 1, 0, 1, 0, 1, 1, 1, 1, 1, 1, 0, 0, 1, 1, 1, 1, 1, 1, 1, 0, 1, 1, 1, 1, 1, 1, 0, 1, 0, 1, 0, 0, 0, 0, 0, 1, 1, 1, 1, 1, 1, 0, 1, 0, 0, 1, 1, 1, 0, 0, 1, 0, 1, 1, 1, 1, 1, 0, 0, 0, 0, 0, 0, 1, 0, 0, 1, 1, 1, 1, 1, 1, 0, 1, 1, 1, 1, 0, 0, 1, 0, 1, 1, 0, 1, 1]}