{"pa": [0.9804974089976279, 0.9155793322512642, 0.9760361871553114, 0.982047006604985, 0.9623008872307984], "is_ok": [1, 1, 0, 1, 1]}