{"pa": [0.9931160484209338, 0.9931160484209338, 0.9931160484209338, 0.9931160484209338, 0.9931160484209338], "is_ok": [1, 1, 1, 1, 0]}