{"pa": [0.8715602028633487, 0.9865988956531019, 0.6868286252529617, 0.9865988956531019, 0.9865988956531019], "is_ok": [1, 1, 0, 1, 1]}