{"pas": [0.3369369741921551, 0.9274730041360179, 0.9389661136719148, 0.7145396239041416, 0.5640247475325252, 0.8422870353264447, 0.7556611801556481, 0.9877083189064988, 0.9964777092697709, 0.9921783841652896, 0.9201409994977499, 0.9609176262432428, 0.11192977651707656, 0.9933893538636949, 0.9955446607191047, 0.606964088305002, 0.9914757640846833, 0.6223954752627312, 0.380235176167244, 0.9723950484360003, 0.9952299787279173, 0.8521963294230552, 0.5484033327483612, 0.9552643135671712, 0.4873465078998972, 0.21676177915420583, 0.9707635258205197, 0.939336098111673, 0.7995046534136546, 0.9711211159145572, 0.9957956894778893, 0.9973926202617452, 0.7628604985441801, 0.5373363095623008, 0.9979532683727008, 0.9980138575752898, 0.9531186023972459, 0.9019128089617993, 0.9537147684457965, 0.9852280373511174, 0.5330092452697807, 0.48596267188373693, 0.19834486228912507, 0.9355254850237293, 0.4091364665223835, 0.4262542412391617, 0.44878760732866985, 0.28149347139658815, 0.4078608607450301, 0.9923229382190699, 0.9986948104240536, 0.9541365845032154, 0.9576037147051096, 0.5129608807114289, 0.9964139323378346, 0.832166225199449, 0.8370225310710291, 0.14708020068788136, 0.8735122286850483, 0.2491304308961119, 0.5738937178789719, 0.15775420176028138, 0.5471086767080588, 0.29591252998952, 0.9975179117049824, 0.22299782083944208, 0.7449606665465752, 0.9029733465473174, 0.7532746895626282, 0.9411265873973966, 0.9106869696474951, 0.9681091219881512, 0.11555728289669284, 0.4047161146311125, 0.14175056491155916, 0.6575192367411041, 0.20693756532070792, 0.6768510916381295, 0.4631262390189366, 0.9645651555650845, 0.9886778232144442, 0.6426385688024209, 0.7195556548082023, 0.8841894798747107, 0.20308207914272236, 0.9647031059896454, 0.47595763657664736, 0.8738150918875804, 0.9399562667449316, 0.9923647138258209, 0.9990518943369867, 0.616532816671171, 0.17375754611552968, 0.7684214160743938, 0.4923639548416362, 0.7779216763339792, 0.9380612452791421, 0.9793637965449291, 0.9924761663181138, 0.9296395467822249], "isOk": [1, 1, 1, 1, 1, 1, 0, 1, 1, 1, 1, 1, 0, 1, 1, 0, 1, 0, 1, 1, 1, 1, 1, 1, 0, 0, 1, 1, 1, 1, 1, 1, 1, 0, 1, 1, 1, 1, 1, 1, 0, 1, 0, 1, 0, 0, 0, 0, 0, 1, 1, 1, 1, 1, 1, 0, 1, 0, 0, 1, 1, 1, 0, 0, 1, 0, 1, 1, 1, 1, 1, 0, 0, 0, 0, 0, 0, 1, 0, 0, 1, 1, 1, 1, 1, 1, 0, 1, 1, 1, 1, 0, 0, 1, 0, 1, 1, 0, 1, 1], "paTSS": [0.48870518138239505, 0.9953927841380357, 0.9646931784543489, 0.9965520801347684, 0.9610737758861129, 0.9965520801347684, 0.9894566496002382, 0.9965520801347684, 0.9965520801347684, 0.9943985007025855, 0.9965520801347684, 0.9965520801347684, 0.4170728707154001, 0.9943985007025855, 0.9965520801347684, 0.9851333260239122, 0.9934852872572614, 0.9325618743432231, 0.8154067227756777, 0.9965520801347684, 0.9965520801347684, 0.9837559284269066, 0.8852986604926089, 0.9965520801347684, 0.6612899748159797, 0.5132434747803301, 0.9965520801347684, 0.9965520801347684, 0.9953927841380357, 0.9926228601491122, 0.9953927841380357, 0.9953927841380357, 0.9909963777809716, 0.6005620611761984, 0.9965520801347684, 0.9965520801347684, 0.9953927841380357, 0.9824008974119467, 0.9953927841380357, 0.9965520801347684, 0.9752277104077757, 0.7476007854191159, 0.7795161829820348, 0.9934852872572614, 0.8641078718087303, 0.4912052737904837, 0.6260076268324444, 0.34812874355386053, 0.7314690269340578, 0.9965520801347684, 0.9965520801347684, 0.9917961569309998, 0.9879756034470153, 0.7455161281703901, 0.9953927841380357, 0.9953927841380357, 0.9446035265453379, 0.36873749290107277, 0.9917961569309998, 0.6020860330457639, 0.7112498883524635, 0.6720688067787821, 0.9574919163604705, 0.9790905692998854, 0.9953927841380357, 0.545420116597238, 0.9953927841380357, 0.9965520801347684, 0.912872172800611, 0.9844415763525967, 0.9965520801347684, 0.9837559284269066, 0.6875019603765262, 0.7403086084552776, 0.47521960454992984, 0.9388432725744034, 0.47821422527528296, 0.9934852872572614, 0.894615066346356, 0.9965520801347684, 0.9953927841380357, 0.9563053241668679, 0.9510054449006716, 0.9943985007025855, 0.8276341493369572, 0.9965520801347684, 0.4792127081071452, 0.9720763843607524, 0.983075853991995, 0.9953927841380357, 0.9965520801347684, 0.7643132662884592, 0.40075855588509207, 0.9574919163604705, 0.7900351363055569, 0.9894566496002382, 0.9844415763525967, 0.9965520801347684, 0.9965520801347684, 0.9592785281663524], "isOkTSS": [1, 1, 1, 1, 1, 1, 0, 1, 1, 1, 1, 1, 0, 1, 1, 0, 1, 0, 1, 1, 1, 1, 1, 1, 0, 0, 1, 1, 1, 1, 1, 1, 1, 0, 1, 1, 1, 1, 1, 1, 0, 1, 0, 1, 0, 0, 0, 0, 0, 1, 1, 1, 1, 1, 1, 0, 1, 0, 0, 1, 1, 1, 0, 0, 1, 0, 1, 1, 1, 1, 1, 0, 0, 0, 0, 0, 0, 1, 0, 0, 1, 1, 1, 1, 1, 1, 0, 1, 1, 1, 1, 0, 0, 1, 0, 1, 1, 0, 1, 1]}