{"pas": [0.4086279511533061, 0.838557313076101, 0.9870877414759321, 0.5696189176225366, 0.4512294431826782, 0.6891096896457705, 0.8289373624061023, 0.9950460942998857, 0.9959907620583625, 0.9380514594196976, 0.9746123709086737, 0.9838663059706827, 0.17721220540538477, 0.8969991360524888, 0.974560497414344, 0.268507691528864, 0.9972037472221129, 0.8139149864114913, 0.346095726115969, 0.9881409525835022, 0.8200719574633112, 0.8914928789602027, 0.4929967167459618, 0.7119647153109444, 0.5634799000981471, 0.29768694495694625, 0.9927445817136571, 0.9330322764743475, 0.8941983873548076, 0.8162253129590807, 0.9981334455384154, 0.9959551966418184, 0.7302845184062882, 0.8594286030045581, 0.9996912068964401, 0.9995169322179991, 0.9453721943037734, 0.9566180123196149, 0.9757396441515385, 0.9799190197788419, 0.42522477118166074, 0.36705036074443476, 0.13710033902122332, 0.974313581446432, 0.48339446743831993, 0.3533526190291812, 0.2629585108188686, 0.5804809735086266, 0.34910056853889393, 0.9569604464160517, 0.9894567996670659, 0.9866753206894897, 0.9393792041887116, 0.42075805860736754, 0.9942661619219747, 0.7431159327909994, 0.3992763828342801, 0.2865130126055624, 0.9739632903374681, 0.28925223330446687, 0.5868329363541319, 0.3410452090337364, 0.4752102865866832, 0.8256162985329013, 0.9922695465677289, 0.17121403565366372, 0.8571635996512693, 0.7945924329611613, 0.605398224475191, 0.7457595173330944, 0.37604671595324646, 0.4688476008512004, 0.27594748974246674, 0.4141804995007503, 0.15989331551728037, 0.5977765425151775, 0.2583617589233455, 0.7562987718668204, 0.4517348159087688, 0.8023177477966096, 0.9643250279748501, 0.6730303122783069, 0.7709062139864863, 0.5116369496529064, 0.21058726108477505, 0.9831350344242845, 0.4955279350445008, 0.8025582328144965, 0.7637128096288157, 0.9393667909367334, 0.9962459654563279, 0.9560673028379789, 0.08349125051983937, 0.327976338329496, 0.4310283302980675, 0.8957239189558754, 0.9176338627133273, 0.9398115001255988, 0.9828527326907406, 0.9835610447434084], "isOk": [1, 1, 1, 1, 0, 1, 0, 1, 1, 1, 1, 1, 0, 1, 1, 0, 1, 0, 1, 1, 1, 1, 1, 1, 0, 0, 1, 1, 1, 1, 1, 1, 1, 1, 1, 1, 1, 1, 1, 1, 1, 1, 0, 1, 1, 0, 0, 0, 0, 1, 1, 1, 1, 1, 1, 0, 1, 1, 0, 1, 1, 1, 0, 0, 1, 0, 1, 1, 1, 1, 1, 0, 1, 0, 0, 0, 0, 1, 1, 0, 1, 1, 1, 1, 1, 1, 0, 1, 1, 1, 1, 0, 0, 0, 0, 1, 1, 0, 1, 1], "paTSS": [0.8042835758327656, 0.9943985007025855, 0.9965520801347684, 0.873316367920003, 0.5802752510413656, 0.9934852872572614, 0.9887099467772932, 0.9943985007025855, 0.9965520801347684, 0.9727024776258334, 0.9965520801347684, 0.9965520801347684, 0.9752277104077757, 0.9308575994270202, 0.9771464903469501, 0.6433680942494884, 0.9953927841380357, 0.9965520801347684, 0.9218239952471875, 0.9965520801347684, 0.9943985007025855, 0.9695903537492055, 0.8324325097890347, 0.9934852872572614, 0.9943985007025855, 0.5157520813975365, 0.9953927841380357, 0.9844415763525967, 0.9965520801347684, 0.9551221194972248, 0.9965520801347684, 0.9943985007025855, 0.9917961569309998, 0.9953927841380357, 0.9965520801347684, 0.9965520801347684, 0.9752277104077757, 0.9917961569309998, 0.9926228601491122, 0.9953927841380357, 0.6066600394230606, 0.7247202376437396, 0.8223118466147996, 0.9902178472835794, 0.5057228906022211, 0.7779408080298502, 0.4017462108812017, 0.9557133083710546, 0.47871344944301203, 0.9683573759564684, 0.9953927841380357, 0.9887099467772932, 0.9917961569309998, 0.9184582705370862, 0.9953927841380357, 0.9965520801347684, 0.47322388035942214, 0.6864717770490592, 0.9943985007025855, 0.8207169891120932, 0.9887099467772932, 0.9965520801347684, 0.5721773603907718, 0.9790905692998854, 0.9953927841380357, 0.708663478664216, 0.9917961569309998, 0.9953927841380357, 0.7522947736625082, 0.9887099467772932, 0.6112372018017602, 0.9235111008840644, 0.7486434719589314, 0.8744024937563488, 0.8069285644878451, 0.9580865347796639, 0.9428699677000237, 0.9926228601491122, 0.870061572614124, 0.9965520801347684, 0.9771464903469501, 0.9953927841380357, 0.9872519646442799, 0.9917961569309998, 0.429953409797468, 0.9943985007025855, 0.9894566496002382, 0.9359815050342848, 0.9451824907219889, 0.9865377166301237, 0.9943985007025855, 0.9943985007025855, 0.6244780915388637, 0.3417631919096798, 0.7842461277235341, 0.9797450123709585, 0.9926228601491122, 0.9943985007025855, 0.9943985007025855, 0.9909963777809716], "isOkTSS": [1, 1, 1, 1, 0, 1, 0, 1, 1, 1, 1, 1, 0, 1, 1, 0, 1, 0, 1, 1, 1, 1, 1, 1, 0, 0, 1, 1, 1, 1, 1, 1, 1, 1, 1, 1, 1, 1, 1, 1, 1, 1, 0, 1, 0, 0, 1, 0, 0, 1, 1, 1, 1, 1, 1, 0, 0, 1, 0, 1, 1, 1, 0, 0, 1, 0, 1, 1, 1, 1, 1, 0, 1, 0, 0, 0, 0, 1, 1, 0, 1, 1, 1, 1, 1, 1, 0, 1, 1, 1, 1, 0, 0, 0, 0, 1, 1, 0, 1, 1]}