{"paTSS": [0.8079263342337629, 0.9931160484209338, 0.9908045023646124, 0.8485057515629555, 0.6019929982987383, 0.9870033028522363, 0.9804974089976279, 0.9931160484209338, 0.9931160484209338, 0.9717731028820938, 0.9931160484209338, 0.988822807558805, 0.9731766314919916, 0.9286331827865438, 0.9609866108923987, 0.6276586332001223, 0.9908045023646124, 0.9908045023646124, 0.9202966190971319, 0.9931160484209338, 0.982047006604985, 0.9636234165553055, 0.8166323738387505, 0.9931160484209338, 0.988822807558805, 0.5298463311191909, 0.9931160484209338, 0.9731766314919916, 0.9870033028522363, 0.9494555233460088, 0.9931160484209338, 0.9908045023646124, 0.988822807558805, 0.9931160484209338, 0.9931160484209338, 0.9931160484209338, 0.9662957744223166, 0.9852854839347462, 0.982047006604985, 0.9931160484209338, 0.6050653486208997, 0.7276874445142225, 0.8209984001736302, 0.9836392488450223, 0.5207754900635402, 0.7723410735924059, 0.5207754900635402, 0.951978366858825, 0.4706744673534514, 0.9583806935719367, 0.988822807558805, 0.9836392488450223, 0.9931160484209338, 0.9073941285876252, 0.9931160484209338, 0.9931160484209338, 0.46270376267499097, 0.6731950921273622, 0.9908045023646124, 0.7949282755647888, 0.9789826241354583, 0.9931160484209338, 0.582581062715192, 0.9760361871553114, 0.988822807558805, 0.6919689817878046, 0.9908045023646124, 0.9908045023646124, 0.7595165330349453, 0.982047006604985, 0.6163480557038652, 0.9144047721934491, 0.7488714128238829, 0.8753421434727627, 0.8003355775929277, 0.9545218132284685, 0.932242005840789, 0.9804974089976279, 0.8641012590767747, 0.9931160484209338, 0.967647094204765, 0.9908045023646124, 0.9836392488450223, 0.9908045023646124, 0.41612739662543874, 0.9931160484209338, 0.982047006604985, 0.9334502931107859, 0.9383125905958385, 0.9745969495337267, 0.988822807558805, 0.9931160484209338, 0.5978996607918741, 0.27142942472574383, 0.7960087846158309, 0.9745969495337267, 0.9931160484209338, 0.9931160484209338, 0.988822807558805, 0.9852854839347462], "isOkTSS": [1, 1, 1, 1, 0, 1, 0, 1, 1, 1, 1, 1, 0, 1, 1, 0, 1, 0, 1, 1, 1, 1, 1, 1, 0, 0, 1, 1, 1, 1, 1, 1, 1, 1, 1, 1, 1, 1, 1, 1, 1, 1, 0, 1, 0, 0, 0, 0, 0, 1, 1, 1, 1, 1, 1, 0, 0, 1, 0, 1, 1, 1, 0, 0, 1, 0, 1, 1, 1, 1, 1, 0, 1, 0, 0, 0, 0, 1, 1, 0, 1, 1, 1, 1, 1, 1, 0, 1, 1, 1, 1, 0, 0, 0, 0, 1, 1, 0, 1, 1]}