{"pas": [0.40397321835569205, 0.8373751142063158, 0.9842204987702621, 0.569204339750195, 0.4565697850258036, 0.6835983095780356, 0.8219598912036966, 0.9975670953462527, 0.9956954292610064, 0.9386573879616663, 0.9761179745198172, 0.9811947214411669, 0.1735576223395295, 0.8964269119215099, 0.9745861125963404, 0.26932455672292555, 0.9993583597969701, 0.8181221059821479, 0.3436703546757851, 0.9846367438771184, 0.819714304811317, 0.8814926589350383, 0.4865618456378766, 0.7113593764698284, 0.5601550599471347, 0.29717203086733524, 0.990426465647946, 0.929476504386084, 0.8928958882430843, 0.8182330507389137, 0.9980922958258374, 0.9989311170575795, 0.7320895425285205, 0.8582061119512101, 0.9993874931340953, 0.9998109590421439, 0.9346264681015695, 0.9573191105801484, 0.9747815669657026, 0.9823029698285186, 0.42059129212212143, 0.3698318652176188, 0.13753465645125754, 0.9668547059451362, 0.4823743430034941, 0.35398312655192493, 0.25612531368863406, 0.5739255302652019, 0.34320110566311923, 0.9481158338822655, 0.9861702257265678, 0.9814913527913685, 0.9396712879923563, 0.4187788935947374, 0.987171860978744, 0.7385631924704016, 0.38939851017580246, 0.28405925307138297, 0.9696084546334105, 0.28400155159511403, 0.5861102857604609, 0.33973059591644095, 0.463615269423039, 0.8204107811936691, 0.9955527294411717, 0.17072839164604844, 0.8534254860785745, 0.799294850928587, 0.6058710755604663, 0.7410264244562544, 0.37460135721482646, 0.47108523211059977, 0.27295492954532374, 0.4100182038275134, 0.1605873030647534, 0.602301589218089, 0.2613756493723639, 0.7464624351198484, 0.4555723328253986, 0.7987756066408734, 0.9637465360529364, 0.6718453456619522, 0.7827984065130487, 0.5051039222511371, 0.20579359187477042, 0.9787860845646673, 0.49579660361409844, 0.810965244015968, 0.774297809885336, 0.936441160535545, 0.9980654431499952, 0.9530185519615494, 0.0828001504640379, 0.31868609636032497, 0.435352491081024, 0.886565213530129, 0.9204081291491261, 0.9414200607891017, 0.9887579218623198, 0.9840228326175093], "isOk": [1, 1, 1, 1, 0, 1, 0, 1, 1, 1, 1, 1, 0, 1, 1, 0, 1, 0, 1, 1, 1, 1, 1, 1, 0, 0, 1, 1, 1, 1, 1, 1, 1, 1, 1, 1, 1, 1, 1, 1, 1, 1, 0, 1, 1, 0, 0, 0, 0, 1, 1, 1, 1, 1, 1, 0, 1, 1, 0, 1, 1, 1, 0, 0, 1, 0, 1, 1, 1, 1, 1, 0, 1, 0, 0, 0, 0, 1, 1, 0, 1, 1, 1, 1, 1, 1, 0, 1, 1, 1, 1, 0, 0, 0, 0, 1, 1, 0, 1, 1], "paTSS": [0.7895326964745071, 0.9908045023646124, 0.9931160484209338, 0.8641012590767747, 0.6060899148413273, 0.988822807558805, 0.982047006604985, 0.9931160484209338, 0.9931160484209338, 0.9649548134424977, 0.9931160484209338, 0.9908045023646124, 0.9662957744223166, 0.932242005840789, 0.9745969495337267, 0.6420953500742363, 0.9931160484209338, 0.9931160484209338, 0.9085583904123548, 0.9931160484209338, 0.9836392488450223, 0.9649548134424977, 0.8177230469470831, 0.9931160484209338, 0.988822807558805, 0.5177554862248013, 0.9908045023646124, 0.982047006604985, 0.9931160484209338, 0.9545218132284685, 0.9931160484209338, 0.9931160484209338, 0.9931160484209338, 0.9908045023646124, 0.9931160484209338, 0.9931160484209338, 0.9649548134424977, 0.988822807558805, 0.988822807558805, 0.9931160484209338, 0.6214857313957491, 0.7181980244126455, 0.8220913119738468, 0.9852854839347462, 0.4866533230146956, 0.7798489189474787, 0.39251036321887767, 0.944464299553368, 0.48865420008520283, 0.9583806935719367, 0.9908045023646124, 0.982047006604985, 0.9870033028522363, 0.9132320272228527, 0.9870033028522363, 0.9908045023646124, 0.47865764473050704, 0.6679956999180837, 0.988822807558805, 0.8046701524716927, 0.9870033028522363, 0.9931160484209338, 0.5328735710420875, 0.9745969495337267, 0.9931160484209338, 0.7013900806665015, 0.9908045023646124, 0.9931160484209338, 0.7531250316375802, 0.9804974089976279, 0.5917663051871348, 0.9238559666208913, 0.7361446517171142, 0.8798651715187072, 0.8057550398919155, 0.9609866108923987, 0.9507144963772038, 0.982047006604985, 0.8787328961268779, 0.9908045023646124, 0.9703846095472967, 0.988822807558805, 0.9908045023646124, 0.9870033028522363, 0.40725771168807323, 0.9870033028522363, 0.9908045023646124, 0.941992900386842, 0.9570881288327355, 0.9804974089976279, 0.9931160484209338, 0.988822807558805, 0.6153212134628518, 0.28865331100764524, 0.7787751125113137, 0.9760361871553114, 0.9931160484209338, 0.9931160484209338, 0.9931160484209338, 0.9870033028522363], "isOkTSS": [1, 1, 1, 1, 0, 1, 0, 1, 1, 1, 1, 1, 0, 1, 1, 0, 1, 0, 1, 1, 1, 1, 1, 1, 0, 0, 1, 1, 1, 1, 1, 1, 1, 1, 1, 1, 1, 1, 1, 1, 1, 1, 0, 1, 0, 0, 1, 0, 0, 1, 1, 1, 1, 1, 1, 0, 0, 1, 0, 1, 1, 1, 0, 0, 1, 0, 1, 1, 1, 1, 1, 0, 1, 0, 0, 0, 0, 1, 1, 0, 1, 1, 1, 1, 1, 1, 0, 1, 1, 1, 1, 0, 0, 0, 0, 1, 1, 0, 1, 1]}