{"pas": [0.5233382310000648, 0.7582328515946236, 0.5973263698632633, 0.44900066080059897, 0.3553260085859069, 0.6499428999653368, 0.5458759766876988, 0.9734131524525673, 0.8961683182547003, 0.8523026770780527, 0.9424059273619111, 0.8342719343845092, 0.20298682439303728, 0.9111063032230781, 0.9822273506551978, 0.7521152459508096, 0.9277999642983534, 0.5688071509010647, 0.5551147012991122, 0.7347630380604382, 0.42755258856715034, 0.3239978402261467, 0.7339027725170277, 0.8158330200306628, 0.7124739461996316, 0.09567101586656665, 0.8542468583900198, 0.8871271383725264, 0.4581213580190106, 0.6314345231434261, 0.697764202826488, 0.8899931744394916, 0.6528955042215586, 0.7630046827652189, 0.9886590697857615, 0.9375016957682103, 0.837169293312033, 0.9460941911974401, 0.6578811422989218, 0.8962370490849966, 0.3172536885348947, 0.32985222931278313, 0.039129101451940686, 0.4498275497696397, 0.32630037316880245, 0.21244093871153263, 0.23995302281557745, 0.27627700043995623, 0.19382936274024895, 0.5263441220004509, 0.9286233418027576, 0.7111824530965182, 0.910358125381441, 0.37790942922985404, 0.9396956115652054, 0.7040262298556714, 0.42796936262901447, 0.061074560478754515, 0.2575388289938315, 0.23792760844149086, 0.391832399646564, 0.14466797130313402, 0.27608739188542736, 0.3230729643847472, 0.8531331867575803, 0.25286565817130296, 0.3672481446447849, 0.740308446257021, 0.3212965411219008, 0.49426329936133884, 0.6324478882279516, 0.2657833654998747, 0.3406308114922742, 0.12317444623694072, 0.19224952951874064, 0.17876116019263413, 0.2171961666136188, 0.3412733509571235, 0.5567759645065044, 0.7708988388377331, 0.7798583117219612, 0.5621020834178133, 0.4250672452028025, 0.2298296065999981, 0.08554290093854844, 0.5831008807058248, 0.44541170862460067, 0.37006159974272307, 0.3549805871810487, 0.6037135858838999, 0.9806280656154672, 0.6876742614027878, 0.07448024349287202, 0.40296586591258815, 0.1241074121064363, 0.6223386775493028, 0.15539804668582347, 0.9333173174908154, 0.7926736470281204, 0.481535097047292], "isOk": [0, 1, 1, 1, 0, 1, 0, 1, 1, 1, 1, 1, 0, 1, 1, 0, 1, 0, 0, 1, 1, 1, 1, 1, 0, 0, 1, 1, 1, 1, 1, 1, 1, 1, 1, 1, 1, 1, 1, 1, 1, 1, 0, 1, 1, 1, 0, 0, 0, 1, 1, 1, 1, 0, 1, 0, 1, 0, 0, 1, 0, 0, 0, 0, 1, 0, 1, 1, 1, 1, 1, 0, 0, 0, 0, 0, 0, 1, 0, 0, 1, 0, 1, 1, 1, 1, 0, 1, 1, 1, 1, 0, 0, 1, 0, 1, 1, 0, 1, 1], "paTSS": [0.7643132662884592, 0.9446035265453379, 0.7481220987435147, 0.5615632121162791, 0.41113596668861757, 0.8447329202752121, 0.7138375842687663, 0.9810648016888622, 0.9422931942275724, 0.9139871634212792, 0.9817306623952389, 0.9665191318875807, 0.36873749290107277, 0.9515913381683768, 0.9879756034470153, 0.9056498762815312, 0.9604743578879141, 0.7564713574376273, 0.8792977216746293, 0.8711459148031264, 0.708663478664216, 0.4185578839621359, 0.8809323373239593, 0.9580865347796639, 0.9527652644603611, 0.21879552281479825, 0.9173387744925094, 0.9708298481499186, 0.639278977137713, 0.7695492706504772, 0.7705972647246297, 0.9325618743432231, 0.8527865330083557, 0.894615066346356, 0.9926228601491122, 0.9628783819657909, 0.9371248420267597, 0.9765042871812473, 0.821248515787546, 0.9640870574476895, 0.6214201085060227, 0.6209105851586822, 0.15572022115558515, 0.621929671924782, 0.41113596668861757, 0.35842495217935666, 0.2939886140933288, 0.5323308906454022, 0.2935031183573772, 0.7502079524007559, 0.9628783819657909, 0.7847720354742238, 0.9545317385682747, 0.5388724953762914, 0.9695903537492055, 0.8409833234801822, 0.5944696341527433, 0.16042222461918526, 0.4483238595643244, 0.3785739430113379, 0.5298164836736701, 0.37611346991003397, 0.6397899705178582, 0.6173450403090149, 0.9045424159634899, 0.4438510132174225, 0.6669335748776135, 0.9139871634212792, 0.506224018967472, 0.7019447475133411, 0.8576316399631748, 0.5047207382558656, 0.564594176817027, 0.1510257432777672, 0.49170539604386837, 0.30516646459690816, 0.38793195442860856, 0.5353493474243427, 0.7789909879605963, 0.922386040960131, 0.8662708960973474, 0.8079871413298014, 0.6556516957056376, 0.5157520813975365, 0.2644519595305537, 0.7863501944487444, 0.8361702018062555, 0.5848345088232807, 0.42053839054383124, 0.6464366963161527, 0.9824008974119467, 0.7616977050074869, 0.24469353588786932, 0.5368590547279488, 0.37365390212996474, 0.8738593551057896, 0.3495986214974131, 0.9837559284269066, 0.8286997616083172, 0.6952344288120123], "isOkTSS": [0, 1, 1, 1, 0, 1, 0, 1, 1, 1, 1, 1, 0, 1, 1, 0, 1, 0, 0, 1, 1, 1, 1, 1, 0, 0, 1, 1, 1, 1, 1, 1, 1, 1, 1, 1, 1, 1, 1, 1, 1, 1, 0, 1, 1, 1, 0, 0, 0, 1, 1, 1, 1, 0, 1, 0, 1, 0, 0, 1, 0, 0, 0, 0, 1, 0, 1, 1, 1, 1, 1, 0, 0, 0, 0, 0, 0, 1, 0, 0, 1, 0, 1, 1, 1, 1, 0, 1, 1, 1, 1, 0, 0, 1, 0, 1, 1, 0, 1, 1]}