{"pas": [0.4899252373823904, 0.7278581867046908, 0.5789138854428919, 0.4276893921806873, 0.42295270887872555, 0.4959391475020688, 0.5392892597180978, 0.943125583589241, 0.8852286089997551, 0.8047852634211724, 0.924721264458676, 0.739139869066002, 0.17067990705780148, 0.8853330289817701, 0.9681167881054803, 0.7417274826109238, 0.8590524596020249, 0.4653597497380684, 0.5203560018368463, 0.721819446869686, 0.38344757680351377, 0.3540491205809625, 0.7063633188121248, 0.810455297537994, 0.6818461730504433, 0.08210026385736068, 0.8149965802829031, 0.8183618790599358, 0.4593707205034042, 0.6639358215041807, 0.5178313588151262, 0.8013202920558394, 0.5986229363317799, 0.7251266292136249, 0.9786317913183461, 0.9107966448570799, 0.7920149509738639, 0.9342259534900759, 0.6069593446039228, 0.8623170338838323, 0.3123540629931176, 0.26273674906547506, 0.03446065208872832, 0.32774337781119706, 0.270401883595688, 0.1398127865529423, 0.25725772921979495, 0.18191536543829814, 0.1787237588345898, 0.41289805239382593, 0.852566054336861, 0.5792418617878944, 0.8848343336675768, 0.3484004992846028, 0.9141967279859032, 0.6735392717525285, 0.4412029097899746, 0.05969497949031953, 0.23126624542051175, 0.21991793461988368, 0.35959833022664905, 0.1425529130859019, 0.21213209119600548, 0.24431895198870535, 0.7746099998272101, 0.2415279156716202, 0.34503778201007973, 0.672575098228156, 0.3499035768981308, 0.4441759711421285, 0.5842522515847361, 0.2671344078939905, 0.2961813329271321, 0.12463503708757323, 0.21815506817905372, 0.14758664031139546, 0.1573711918640796, 0.2695144908758994, 0.525316183850318, 0.7127146851744585, 0.6727836278505815, 0.5390531207345975, 0.34066502314176306, 0.18378243717160994, 0.08386912338595878, 0.5226164431061562, 0.36412696246471277, 0.27848196872396447, 0.3004690008484866, 0.5217742464106632, 0.9692013967332982, 0.6664061513726804, 0.065408785900116, 0.34586572386990777, 0.1084690435427837, 0.570519273652081, 0.11510077562826711, 0.923841342886159, 0.7801444829432381, 0.3982298146984435], "isOk": [0, 1, 1, 1, 0, 1, 0, 1, 1, 1, 1, 1, 0, 1, 1, 0, 1, 0, 0, 1, 1, 1, 1, 1, 0, 0, 1, 1, 1, 1, 1, 1, 1, 1, 1, 1, 1, 1, 1, 1, 1, 1, 0, 1, 1, 1, 0, 0, 0, 1, 1, 1, 1, 0, 1, 0, 1, 0, 0, 1, 0, 1, 0, 0, 1, 0, 1, 1, 1, 1, 1, 0, 0, 0, 0, 0, 0, 1, 0, 0, 1, 0, 1, 1, 0, 1, 0, 1, 1, 1, 1, 0, 0, 1, 0, 1, 1, 0, 1, 1], "paTSS": [0.7288722393717447, 0.9184582705370862, 0.7408290980228212, 0.551469446527679, 0.46275537584581883, 0.6890475914456113, 0.6942028065420722, 0.9659091749643693, 0.9422931942275724, 0.8902241702954573, 0.9739607318559161, 0.9084226914889504, 0.30468001878790474, 0.9376971885530841, 0.9777914949815733, 0.9073128404045218, 0.9017777803741429, 0.6541148963551949, 0.8484880150457772, 0.8646484222236105, 0.6331502907899668, 0.48870518138239505, 0.8597882919489077, 0.9616742328058951, 0.9308575994270202, 0.1304662151865359, 0.888033248128881, 0.9342697903073602, 0.6520664345211724, 0.8138153837076375, 0.5787561716091105, 0.8760328282646499, 0.7916155140705378, 0.8522488013166094, 0.9887099467772932, 0.9428699677000237, 0.9190184624674751, 0.9739607318559161, 0.7705972647246297, 0.9337000709305971, 0.6433680942494884, 0.5363557834446905, 0.1309316227404273, 0.4722262251061458, 0.3726703290810441, 0.1887801867008488, 0.4922055529002148, 0.3589156570504761, 0.3163658786267302, 0.6188728916666846, 0.9190184624674751, 0.6623156857962835, 0.9492518711426099, 0.48870518138239505, 0.948668669934019, 0.8201855544351991, 0.6357031867032175, 0.10364203172771178, 0.421033604430887, 0.34029512740385853, 0.4882052666369001, 0.4408706705781961, 0.5072263801246404, 0.5027168508684414, 0.8431252878312105, 0.22789081075254064, 0.6571888850142341, 0.8825684385686007, 0.5378657039177799, 0.6633415731472867, 0.7905618537960384, 0.518763564080664, 0.49821013631991384, 0.22597444393906563, 0.5393759444958508, 0.25143143560577824, 0.32807466104495747, 0.4473296519610554, 0.7408290980228212, 0.8825684385686007, 0.759606407955516, 0.7299107883221545, 0.5635837091802222, 0.47073000074439636, 0.22789081075254064, 0.721608514618558, 0.7190168845450549, 0.4562824893719104, 0.3618606624875942, 0.5585335594232232, 0.9739607318559161, 0.7387474861471698, 0.20447418150967497, 0.4364024916129824, 0.3579342843371522, 0.821248515787546, 0.2765375272600123, 0.9708298481499186, 0.8260364577665922, 0.5975151573435815], "isOkTSS": [0, 1, 1, 1, 0, 1, 0, 1, 1, 1, 1, 1, 0, 1, 1, 0, 1, 0, 0, 1, 1, 1, 1, 1, 0, 0, 1, 1, 1, 1, 1, 1, 1, 1, 1, 1, 1, 1, 1, 1, 1, 1, 0, 1, 1, 0, 0, 0, 0, 1, 1, 1, 1, 0, 1, 0, 1, 0, 0, 1, 0, 1, 0, 0, 1, 0, 1, 1, 1, 1, 1, 0, 0, 0, 0, 0, 0, 1, 0, 0, 1, 0, 1, 1, 1, 1, 0, 1, 1, 1, 1, 0, 0, 1, 0, 1, 1, 0, 1, 1]}